Group,Dose_mpk,Time_days,ADC_nM
1,10,0.00131529,135.8009155
1,10,0.539268699,75.12088155
1,10,0.982959694,42.6355931
1,10,1.863326806,31.3209493
1,10,3.119428287,24.23345188
1,10,4.690322392,16.06867929
1,10,8.459065268,7.068769441
1,10,14.04882647,2.22808663
2,1,0.020386987,14.43720879
2,1,0.527211879,7.782888245
2,1,1.505568059,3.596179383
2,1,2.009104726,2.85318443
2,1,3.830123053,2.044346314
2,1,7.47325578,0.922699032
2,1,13.78576857,0.236814008
